first_name,last_name,birthday
Charin,Gouldie,30/11/1984
Gregoor,Calley,18/02/1964
Constantia,MacManus,08/11/1975
Martie,de Quincey,11/07/1987
Tessy,Bennitt,19/05/1998
Celestia,Groundwator,03/08/1957
Blair,Layton,01/12/1987
Teirtza,Rymer,17/06/1952
Geri,Whetnall,06/03/1960
Pearce,Speller,16/11/1951
Ivar,Wisniowski,18/12/1994
Damien,Askem,08/05/1982
Clayson,Siddon,30/10/1991
Arri,Schubuser,01/10/1981
Jedediah,O'Lenechan,20/08/1997
Ulrike,Eeles,22/10/1954
Hirsch,Pepye,08/05/1982
Garek,Chanders,13/12/1969
Mela,Ridde,21/10/1982
Cathie,McDougall,12/11/1963
Beverly,Yo,25/09/1985
Abie,Prier,14/06/1988
Annabal,Barlass,03/09/1953
Bret,Grimestone,27/09/2000
Dulce,Wytchard,01/06/1952
Ethelyn,Casely,22/05/1983
Cherry,Kitchingham,24/11/1959
Konstantin,Mc Comb,26/02/1981
Zak,Futty,28/09/1957
Huberto,Schleswig-Holstein,10/08/1952
Tito,Leete,10/06/1958
Gayle,Raulstone,27/01/1952
Rosie,Ellyatt,20/04/1984
Fransisco,Witcombe,12/08/1969
Minta,Teenan,10/06/1971
Bryon,Stollenbecker,10/08/1988
Ham,Quickfall,29/06/1957
Cesaro,Smethurst,01/08/1978
Jacquelin,Dyas,21/01/1981
Aleksandr,Methingam,20/07/1956
Gerrie,Fewell,30/01/1994
Tate,Snadden,30/12/2000
Eolanda,Clymo,26/06/1963
Orland,Pouton,30/11/1967
Chevalier,Culpan,06/07/1955
Corny,Robrose,23/09/1968
Elihu,Castaignet,11/07/1977
Dierdre,Walewski,11/01/2001
Mandi,Brantzen,19/01/1958
Viv,Dron,11/02/1958
Amitie,Gerdts,04/05/1976
Xaviera,Trighton,07/05/1972
Alvinia,Bowlands,15/06/1960
Wayland,Embleton,18/06/1976
Barbi,Geary,08/06/1962
Ramsay,Cumbers,12/02/2001
Leanor,Garnett,19/03/1974
Aluin,Leale,11/08/1999
Bev,McCadden,05/12/1975
Filide,Nixon,02/12/1989
Fabian,Purtell,22/07/1959
Agna,Baitson,18/10/1975
Delly,Howen,13/12/1991
Joel,Lewsey,09/09/1975
Kelcie,Epperson,19/04/1972
Kit,Exeter,03/05/1963
Jeanelle,Hallwood,24/06/1989
Freddie,Moon,04/07/1977
Chrisy,Cabrer,22/08/1998
Tiena,Koppeck,09/11/1961
Pancho,Oakinfold,30/05/1972
Leslie,Baudinot,13/04/1994
Shel,Cossans,14/03/1989
Candi,Heinicke,23/09/1966
Brooke,Nucciotti,28/05/1978
Nefen,Lomen,22/04/1999
Lynn,Pethrick,15/12/1957
Xever,Guidotti,04/01/2001
Bonnee,Foldes,26/08/1956
Regine,Sevin,05/08/1967
Catrina,Pappi,10/11/1970
Ansel,Kunkel,24/04/1952
Collie,Musk,04/06/2000
Kimmy,Cadigan,13/07/1951
Sidoney,Castagne,20/07/2001
Marika,Bengtson,07/04/1959
Broderic,Wildblood,12/11/1996
Yank,Sloane,28/06/1971
Mahmoud,Wrightson,03/02/1955
Andrea,Mullis,04/06/1985
Jorry,Ferencowicz,06/06/1997
Gradeigh,O'Howbane,09/10/1964
Nathanil,Antonsson,06/06/1999
Adah,Shivell,15/09/1991
Milzie,Maynell,29/07/1960
Dee,Swetland,23/04/1988
Errick,Butler-Bowdon,07/02/1974
Minda,Dayment,22/05/1970
Aland,Monro,29/10/1953
Enriqueta,Hiddsley,09/08/1951
Garnette,Bolan,29/07/1981
Stevy,Gircke,16/10/1955
Vachel,Rucklidge,01/03/1951
Taryn,Squier,31/01/1964
Alida,Dickerline,17/01/1999
Scarface,Fosh,18/06/1994
Leonhard,Croote,24/10/1972
Jessie,Moseby,06/03/1974
Cherry,Murison,16/10/1996
Gisella,Rogez,25/03/1973
Lodovico,Light,26/07/1979
Mordy,De Anesy,11/01/1977
Kilian,MacGahey,02/09/1960
Bar,Jelley,11/10/1987
Parrnell,McKerlie,04/02/1970
Kareem,Horsfield,10/12/1981
Rosemaria,Stanes,05/10/1990
Wilow,Danovich,09/02/1973
Daniele,Ivins,04/10/1950
Ewan,Crennan,17/10/1987
Tripp,Saffell,26/05/1982
Waiter,Castanares,29/01/1993
Winthrop,Davidovich,19/01/1975
Aigneis,Vater,25/06/1958
Grissel,Truss,04/05/1955
Jaquelin,Lamb,08/07/1998
Valery,Strattan,20/07/1975
Brady,Hatherleigh,02/02/1972
Phineas,Dutson,21/09/1991
Lauryn,Mc Carrick,01/10/1973
Rik,Sorrel,24/04/1999
Nevsa,Ashfield,21/01/1967
Eliot,Wonham,15/12/1976
Raff,Coppens,03/09/1996
Waylan,Gorgen,03/02/1961
Rockie,Charlson,25/10/1990
Calli,Bracchi,03/05/1954
Dale,Konzelmann,18/01/1954
Jenn,Perree,01/10/1973
Emilie,McCulloch,05/02/1984
Brant,Becom,27/02/1957
Kerry,Huckerbe,17/12/1980
Charlena,Shafe,12/03/1968
Martha,Dumberrill,27/02/1989
Gideon,Bysshe,25/08/1965
Orland,Witnall,08/10/2000
Dunn,Pellissier,11/03/1977
Manfred,Froome,16/06/1960
Christie,Brough,02/06/1985
Corry,Burgoyne,26/09/1982
Lowell,Hammersley,27/05/1951
Micki,Casserly,27/01/1996
Briant,Linfitt,08/07/1967
Brnaby,Rosenbusch,13/01/1975
Lira,Pentycost,12/05/1983
Ram,Brundill,05/03/1964
Orelee,Govett,14/03/1975
Lefty,Swainsbury,15/06/1970
Cammy,Bresnahan,06/10/1986
Malanie,Wakenshaw,03/11/1962
Malinde,Halton,09/11/2000
Rodina,Hallworth,28/04/1982
Mariejeanne,Bragge,05/04/1968
Drusi,Joe,08/06/1986
Traci,Kidd,17/08/1983
Georgena,Robley,15/11/1965
Jessy,Trow,30/12/1961
Annette,Chappelle,14/07/1953
Cecilla,Petrusch,04/02/1956
Natal,Shemilt,05/07/1999
Vilma,Bowley,28/12/1963
Gussi,Worsfield,03/06/1956
Malory,Monnoyer,18/07/1960
Vickie,Karlmann,12/02/1996
Ranice,Belham,05/06/1955
Fredra,Giraudel,13/01/1964
Benedict,Flanigan,17/09/1951
Willey,Alstead,16/10/1968
Emmerich,Arntzen,24/07/1972
Jobey,Beggin,02/08/1999
Jenna,Gligorijevic,04/10/1971
Christan,Punt,17/10/2000
Talya,Blinerman,20/10/1981
Grant,Deboick,13/05/1982
Galvan,Durram,05/12/1993
Alika,Denerley,30/10/1998
Emmye,Aldam,14/10/1952
Warren,Fitzsymonds,07/01/1983
Kris,Woltering,14/05/1981
Oliy,Farmery,19/06/1975
Vite,Boate,26/06/1984
Kessiah,Easterby,24/03/1984
Waneta,Eisenberg,27/01/1966
Wesley,Bolderoe,21/02/1974
Karin,Vatini,27/02/1991
Glenda,Sharpus,29/01/1973
Shaine,Seeley,01/06/1973
Zachery,Syphas,05/08/1973
Terencio,Bawdon,14/07/1987
Artus,Sharpin,06/10/1975
Wanda,Neylan,23/02/1976
Amata,Milligan,19/07/1979
Lee,Nussen,25/08/1972
Valdemar,Salvador,16/08/1980
Felecia,Drillingcourt,29/12/1964
Jarrod,Vickars,28/05/1963
Linoel,Risebarer,03/01/1966
Karlyn,Turle,15/02/1955
Mohandas,McCrum,12/05/1976
Langsdon,Downham,06/01/1980
Teriann,Wharlton,13/10/1983
Raynor,Gearing,27/04/1979
Gabe,Gillbee,22/07/1975
Andria,Cazalet,29/09/1996
Whittaker,Brisker,13/06/1993
Bryant,Ruberti,14/03/1967
Giovanni,Coles,30/06/1993
Adele,Casado,04/05/1980
Ashley,Urvoy,16/04/1989
Amity,Ferencowicz,01/03/1985
Krystle,Kinnear,17/07/1964
Morey,Po,11/10/1995
Raeann,Ciabatteri,15/08/2000
North,Steanyng,14/07/2001
Cullan,Winfred,29/03/1984
Clerissa,Pinches,05/01/1965
Dalton,Orton,11/12/1990
Glori,MacDonough,06/02/1957
Colly,Yukhov,08/06/1986
Laural,Yegorov,10/03/1989
Anthony,Eayres,23/06/1967
Nedda,Drury,22/02/1961
Ainslie,Zucker,20/03/1967
Shannon,Mounce,18/10/1980
Sybilla,Zannolli,29/02/1960
Ewen,Preuvost,10/08/1997
Harp,Harraway,24/09/1967
Rubia,Trigwell,04/04/1995
Flory,Dewerson,29/08/1967
Trace,Thickin,19/03/1960
Beverie,Gowdy,13/08/1965
Tallie,Ashness,19/01/1966
Leonhard,Glader,08/07/1967
Blithe,Ryce,06/09/1982
Trixie,Dranfield,01/10/1988
Stormy,Sherston,25/01/1998
Donnie,Earles,24/05/1989
Vittoria,Slym,20/11/1988
Jaquenette,Bramham,16/11/1982
Concordia,Aindriu,29/01/1954
Ros,Cleyne,14/07/1972
Katuscha,Matantsev,04/09/1990
Culley,Schruur,13/12/1994
Filia,Hirche,24/05/1986
Burgess,Denziloe,28/11/1988
Ric,Trasler,25/05/1959
Lammond,Scrivner,02/10/1977
Blanch,Redwood,23/09/1970
Trev,Mahon,03/04/1990
Maury,Mattiazzi,26/06/1968
Adriane,Conradsen,13/12/1967
Moyra,Mohun,22/09/1987
Alyda,Gambell,03/11/1955
Jerry,Ricson,27/04/1965
Lance,Duffy,27/10/1982
Vale,Flintoff,20/10/1970
Charlie,Eldrett,01/07/1979
Yves,Vasyutichev,19/08/1955
Sindee,Woollaston,08/01/1969
Gard,Ridgwell,08/12/1955
Lidia,Bassindale,27/07/1987
Vidovik,Bremner,20/07/1975
Ingram,Donn,23/11/1990
Dorthea,Colthurst,27/03/1990
Thatch,Beedle,08/01/1969
Dillie,Smithson,05/02/1970
Sara,Stanier,25/02/1973
Byrle,Bodycomb,19/08/1999
Joya,Ottee,12/08/1987
Car,Studdard,01/11/1982
Svend,Wimlet,13/03/1970
Kelci,Packe,07/01/1995
Amelina,Ziemsen,05/04/1986
Brantley,Moyne,16/05/1966
Otto,Spurgin,14/12/1979
Zachariah,Vears,23/06/1976
Jenna,Tredget,03/09/1959
Audra,Hurtado,26/09/1973
Shanta,Poff,30/09/1980
Antonio,Izhakov,08/09/1951
Laney,Isenor,12/04/1973
Deva,Imort,07/08/1960
Arturo,Roddick,26/02/1974
Barclay,Quinet,06/10/1993
Elden,Duro,04/04/1961
Ariel,Larimer,11/10/1961
Jandy,Smithers,12/09/1955
Ginelle,Kubicek,04/09/1968
Estelle,Domican,13/06/1954
Lexis,Burgott,17/05/1996
Shelia,Lince,18/12/1990
Katrine,Glandon,28/09/1980
Jori,Bale,13/10/1954
Bill,Smallthwaite,17/02/1959
Cindelyn,Kreuzer,04/05/1994
Thomasa,Hugueville,03/11/1959
Erinn,Bedell,17/02/1958
Winston,Gascoyen,28/01/1969
Merwin,Willetts,17/01/1975
Ottilie,Malafe,29/06/1971
Vilhelmina,Jiggen,16/01/1985
Zacharias,Troppmann,30/08/1977
Maje,Davidovicz,20/10/1952
Joelly,Coper,16/03/1964
Reamonn,Strongitharm,04/05/1980
Ikey,Origan,09/07/1995
Essy,Revill,15/06/1954
Drucie,Weller,10/08/1979
Duncan,Joint,21/03/1981
Jermaine,Paula,26/09/1991
Onfre,Citrine,13/04/1983
Zsazsa,Frowen,05/11/1978
Fallon,Sermin,13/01/1979
Mayne,Antonikov,08/03/1980
Inger,Cleever,27/11/1979
Tiebout,McAirt,04/12/1994
Evelyn,Meert,29/01/1994
Beatrice,Mallock,09/08/1982
Vasilis,Temprell,06/01/1959
Emmey,Lieb,02/02/1984
Brad,Keppel,25/04/1992
Dierdre,Howle,24/10/1975
Dar,Gosland,18/09/1998
Alano,Marklund,10/01/1962
Prent,Powland,20/03/1960
Storm,Burhill,01/02/1978
Deni,Callingham,20/12/1972
Candi,Larraway,09/03/1961
Rochette,Poutress,14/12/1998
Nannie,Jallin,23/04/1975
Garek,Reyne,03/06/1976
Ida,Cicci,20/05/1984
Efrem,Laven,20/04/1995
Willie,Minelli,17/09/1955
Duky,Edmonson,11/11/1956
Vikki,Ridout,03/08/1963
Min,Olliff,04/06/1994
Abbi,Chaise,01/12/1989
Natassia,Vogele,24/03/1956
Bernie,Dutch,24/08/1984
Philippe,Cretney,13/09/1970
Olivero,Frantsev,15/07/1966
Mano,Traher,21/05/1978
Rabbi,Bugge,07/01/1996
Monti,Petzold,10/07/1996
Vladamir,Simmens,25/11/1978
Neilla,Briton,10/04/1951
Bone,Drinkale,18/04/1968
Rodi,Prator,07/03/1983
Dodi,Duigan,18/03/1983
Sonnie,Knellen,28/03/1968
Thaddeus,Stoke,05/02/1967
Alexine,Mathers,15/01/1978
Dom,Marrion,02/05/1985
Kessia,Fisby,01/12/1956
Geralda,Eustanch,10/10/1957
Bobbette,Esparza,21/12/1983
Kata,Aronovitz,22/01/1981
Janeen,Faulconer,14/01/1957
Guinna,Gravett,11/02/1982
Almeda,Bankhurst,17/01/1986
Urbain,Forgan,27/10/1975
Hernando,Legrand,13/04/1980
Johnathon,Baser,27/09/1998
Constantia,Whitlock,15/09/1951
Yoshiko,Helm,14/05/1954
Kara-lynn,Ninotti,10/05/1976
Alexine,Laviste,05/10/1953
Patti,Yokelman,07/04/1990
Maggy,Toler,06/07/1955
Jedidiah,Lombard,17/02/1984
Doralin,Libreros,19/02/1995
Kristopher,Reekie,13/01/1960
Jayme,Collcott,11/03/1978
Jarrad,Binham,17/10/1962
Valene,Kelston,20/09/1970
Bili,Haucke,29/10/1987
Nadean,Fisk,10/05/1980
Muire,Peacop,03/05/1969
Brig,Gyngell,23/04/2000
Gaelan,Mounsie,09/07/1952
Trenna,Pleuman,21/06/1952
Ogdon,Muncer,05/10/1981
Brewster,Kopp,13/12/1954
Danyette,Gunther,10/03/1974
Gene,Chitham,08/12/1972
Nowell,Sloey,09/06/1976
Sibyl,Evison,31/07/1974
Stephanie,Burborough,28/10/1986
Rouvin,McNirlan,23/07/1969
Andrea,Roderigo,22/09/1997
Mellisent,Beggin,30/12/1970
Annmaria,Held,17/05/1994
Abbie,Zaczek,19/12/1980
Eben,Sinnatt,02/10/1984
Kendell,Chaunce,02/11/1954
Carolee,Rupert,25/11/1989
Deloria,Kerman,09/05/1999
Anitra,Idill,06/12/2000
Randy,Ambrogioli,13/10/2000
Scarlet,Limbert,18/03/1992
Kaela,Rowell,21/09/1984
Charmion,Mallock,16/05/2001
Amelia,Hosby,16/12/1977
Dyanna,Stidston,21/09/1992
Olive,Wontner,29/07/1996
Sydney,Skaife,13/02/1991
Cory,Bloxsome,10/07/1995
Gino,Guildford,09/09/1977
Flin,Ruston,28/06/1989
Jephthah,Crews,19/10/1993
Granville,Tuma,19/10/1998
Bria,Ronchetti,05/09/1993
Kristos,Meachan,18/10/1970
Dianna,Tidey,22/05/1978
Christophorus,Threadgould,03/10/1979
Isac,Squibbs,01/11/1999
Kathryne,Fison,26/10/1982
Natalina,Cuppitt,03/02/1985
Monique,Elsdon,21/08/1951
Terrijo,Northwood,17/10/1984
Pearce,Buffham,23/04/1992
Glad,Landal,01/04/1992
Harp,Frears,05/02/1999
Mandi,Acreman,13/03/1987
Quincy,Oxenbury,26/07/1976
Rosemary,Yewdale,24/08/1999
Honey,Grote,24/10/1984
Kim,Whorall,30/11/1993
Georg,Rait,01/06/1975
Henka,Liddel,26/11/1990
Coralyn,Mallabone,14/07/1989
Bo,Batisse,23/12/1983
Vladamir,Dumpleton,24/05/1951
Nye,Welbrock,10/04/1982
Hedvig,Mabey,01/11/1950
Gifford,Melody,18/06/1966
Maje,Maseres,09/09/1956
Law,Cursey,20/02/1960
Eleonore,Ashpole,25/11/1969
Germaine,Pistol,29/04/1995
Cornall,Mayoral,20/01/1991
Ondrea,Drysdale,16/05/1951
Burk,Girauld,25/08/2000
Klement,Creany,21/01/1957
Peadar,McCalum,09/05/1973
Kirsteni,Sincock,01/10/1961
Smitty,Warriner,11/10/1993
Bucky,Addie,06/05/1958
Ambur,Prate,27/05/1962
Karine,Crews,08/09/1986
Olag,Abramovitch,08/01/1972
Vale,Cockling,02/11/1988
Filippo,Bednell,12/07/1973
Taddeo,Leemans,20/03/1983
Vasilis,McTeague,11/08/1986
Dorry,Coweuppe,16/09/1982
Barry,Prose,07/03/1999
Perl,Hamblington,23/07/1975
Marilee,Fairnington,09/01/1975
Rory,Dasent,30/01/1969
Wilow,Trevorrow,01/09/1997
Gonzalo,Walbrun,28/09/1956
Minerva,Spurdon,08/08/1999
Carey,Bebis,02/05/1978
Riva,McKee,27/01/1988
Hazel,Doull,05/07/1952
Dulci,Winscum,02/06/1951
Tallia,Stancliffe,30/11/1978
Jourdain,Bullen,12/08/1988
Sadie,Mewett,02/01/1970
Pyotr,Folomkin,18/12/1973
Whittaker,Antonioni,17/03/1979
Dorry,Ewdale,01/08/1987
Godard,Keave,27/06/2000
Page,Wisdom,07/09/1970
Kingsly,Mullaly,02/05/1975
Beltran,Riseborough,09/12/1975
Chastity,Tidcombe,30/09/1996
Koo,Kernley,02/02/1980
Kenneth,Mowsdale,09/08/1981
Daisy,Barenski,10/12/1958
Turner,McMickan,02/07/1984
Ianthe,Yepiskov,10/09/1994
Isiahi,Lamdin,19/05/1988
Nichole,MacKee,14/06/1979
Clo,Jagg,21/03/1952
Morse,Taffrey,30/05/1971
Isacco,Romanini,04/09/1988
Blane,Orsi,21/05/1974
Clem,Solleme,27/10/1960
Babs,Ozelton,12/12/1970
Geraldine,Pulham,03/02/2000
Brandea,Larver,29/10/1958
Nickola,Nore,07/06/1994
Yolanda,Garrish,23/12/1952
Rina,Grosier,30/04/2001
Felipa,Comelli,17/02/1999
Randi,Claessens,13/06/1961
Alana,Wolverson,19/02/1957
Barnabas,Wiltshaw,16/10/1970
Bondie,Gaine,12/12/1961
Mariquilla,Ackermann,13/01/1970
Davida,Cathie,07/04/1984
Jacquetta,Menzies,22/09/1968
Robinia,Edlyne,10/12/1978
Obadias,Kaplan,31/08/1951
Willow,Anstice,24/07/1973
Kimball,Gethouse,18/02/1994
Trish,Nottle,11/04/1971
Cosette,Twigg,31/08/1966
Shawna,Ingle,16/06/1967
Gallard,Greenway,30/12/1983
Stephani,Cawthry,20/11/1975
Lari,Cull,07/04/1956
Marcela,Pimer,30/10/1981
Eadmund,Bourgaize,19/11/1963
Hyacinthie,Denis,19/04/1969
Alysa,Aveling,01/02/1966
Josselyn,Lewty,27/08/1988
Alexandro,Reightley,06/09/1955
Bartram,Olech,21/05/1991
Ellswerth,Buzza,03/07/1957
Ninon,Hercules,25/10/1975
Torr,Crummay,20/03/1968
Livia,Akred,29/03/1990
Aretha,Arnaudin,29/09/1954
Megen,Joust,29/09/1955
Gus,Giraudoux,17/01/1961
Mark,Penny,25/04/1980
Zaccaria,Aslen,27/08/1969
Xavier,Shorton,22/10/1960
Gwendolyn,Halls,10/04/1987
Willard,Elphee,16/01/1986
Sander,Wernham,13/06/1992
Graehme,Catherine,17/08/1994
Rena,Caulliere,17/01/1998
Pippy,Solomonides,02/04/1951
Rosita,De Biaggi,25/02/1965
Biron,Mee,09/03/1973
Jae,Gerding,05/11/1961
Janka,Lafflina,11/10/1985
Maryellen,Burgh,24/10/1994
Clemmy,Tregoning,15/10/1957
Stephen,Brumen,04/04/1989
Cyrillus,Cranmer,03/03/1981
Kendrick,Bebis,24/11/1969
Reynard,Bertolin,23/11/1985
Gardiner,Garralts,29/08/1999
Madalyn,Castanie,20/12/1971
Berte,Oen,20/10/1956
Milo,Masselin,29/10/1967
Lina,Bridden,16/09/2000
Gasparo,Dobsons,14/05/1956
Salomo,MacIlurick,23/07/1966
Kelila,Summerlad,23/02/1990
Sherlock,McCathy,01/11/1982
Natalina,Swains,14/01/1980
Cindy,Vondracek,15/11/1966
Paolina,Secombe,15/12/1986
Rickey,Courcey,19/05/1964
Steffane,Fergusson,30/06/1953
Hilde,Leahy,26/07/1981
Frances,Brunotti,19/08/1955
Robinia,Daffey,03/09/1994
Twyla,Pacher,27/04/1973
Brietta,Mennithorp,17/05/1972
Friedrick,Kellegher,12/01/1988
Kayley,Coppens,25/08/1952
D'arcy,Exrol,30/04/1988
Temple,Geaves,11/02/1988
Ileane,Davidov,14/02/1987
Ashbey,Riseborough,07/12/1980
Forster,Steers,10/08/1971
Christyna,Jayme,21/03/1960
Ethelyn,Birdwhistle,07/12/1997
Ettore,Thon,21/08/1980
Gardiner,Blacklawe,02/06/1970
Gilligan,Olech,20/01/1971
Rakel,Slograve,10/05/1969
Babara,McCluskey,18/12/1992
Sibylle,Deeks,22/01/1982
Mathilde,Bettinson,25/10/1972
Nilson,Dunthorn,19/04/1974
Lorie,McTrusty,10/12/1962
Kenon,Raoult,07/04/1968
Danna,Baird,16/04/1979
Woody,Cleland,23/01/1958
Davine,Hampson,12/11/1982
Averil,Hallitt,30/12/1998
Kienan,Tacon,15/06/2000
Susanetta,Kurt,09/06/1974
Kinsley,Goddard,28/07/1997
Steven,Gostling,27/07/1981
Adelice,Archbold,07/12/1980
Alic,Pennings,30/05/1981
Nickey,Carlos,14/09/1963
Wynn,Danis,17/03/1962
Fredek,Bennetto,27/05/1982
Daniele,Bassick,31/01/1980
Clarinda,MacLleese,28/05/1958
Row,Harken,22/11/1996
Bert,Gronaller,09/02/1989
Adelbert,Brindle,14/04/1993
Codi,Santhouse,15/04/1992
Sullivan,Willbraham,09/03/1992
Julie,Schruurs,30/12/1990
Mordy,Loudiane,08/10/1970
Bendicty,Eitter,07/06/1985
Tybie,Nellis,11/02/1974
Isa,Belitz,05/07/1969
Maggie,Ebbutt,30/01/1980
Jemima,Really,07/01/2001
Hunt,Sweetland,03/06/1969
Allsun,McComish,27/03/1954
Em,Dimbylow,24/11/1967
Robb,Delouch,12/08/1979
Skipton,MacNulty,14/01/1955
Patrizius,Carruth,28/11/1981
Sarine,Sainsbury,25/12/1997
Chet,Caunt,24/04/1990
Rivi,Loughnan,13/09/1993
Horatia,Branigan,07/06/1989
Artemis,Gianelli,03/04/1966
Korey,Lupton,20/12/1960
Roda,Leeds,30/01/1991
Sydney,Dolan,12/01/1973
Thorny,Shale,27/06/1984
Verney,Gaffey,11/06/1974
Linnea,Lalevee,10/08/1952
Rheta,De Gregario,06/12/1982
Lynsey,Axell,22/11/1992
Myrtice,Bourgourd,11/01/1963
Cyril,Jellicorse,22/11/1953
Christan,Grebert,17/07/1993
Sula,Mawtus,13/12/1958
Marget,Wattinham,18/06/1964
Emilie,Schoenfisch,10/11/1970
Jean,Riatt,30/03/1968
Vassily,Marie,26/11/1973
Wynny,Baybutt,12/12/1950
Nicky,Lemerle,12/09/1966
Daniela,Blandamere,02/12/1966
Frayda,Hyslop,15/06/1951
Renado,Adame,26/04/1963
Jacquenette,Extance,09/12/1953
Orel,Franzel,06/05/1970
Ryan,Fidge,23/04/1956
Yuri,Dowbekin,29/06/2000
Kailey,Megroff,07/02/1990
Arron,Moran,08/02/1955
Silvano,O'Donoghue,26/02/1966
Malinde,Moxson,11/11/2000
Glen,Cartmail,14/11/1966
Murielle,Hummerston,29/03/1968
Kassie,Funnell,06/04/1967
Cathlene,Boyford,03/10/1988
Norrie,Rusted,10/11/1992
Butch,Allbon,03/12/1985
Barbey,Avent,01/08/1968
Brandice,Dron,24/03/1998
Vinnie,Toppes,22/02/1968
Del,Brock,08/08/1988
Nicol,Demschke,12/11/1965
Anabel,Mickan,01/03/1962
Sheelagh,Dosdill,17/03/1987
Conant,Careless,07/09/1970
Oliver,Renner,02/01/1989
Ebony,Griggs,13/09/1973
Arel,Abela,07/12/1986
Ali,Benettelli,15/10/1974
Helen-elizabeth,Manderson,26/08/1997
Erny,Curphey,20/04/1995
Lazaro,Verbeek,22/07/1983
Viviana,Dockray,11/09/1966
Isaac,Powell,30/05/1973
Arte,Whyborn,30/09/1956
Tripp,McKelloch,25/12/1964
Bibbye,Doswell,07/01/1958
Hortensia,Kitchingman,10/12/1980
Derby,Schrieves,17/11/1959
Allix,Trembley,04/04/1987
Natty,Alves,21/02/1990
Buiron,Dodshun,02/04/1977
Sigrid,Clemendot,26/06/1954
Paulita,Audenis,16/06/1986
Jessalin,Lamcken,21/04/1986
Nertie,Cullerne,15/01/1963
Lanae,Mabbot,11/02/1975
Valaree,Foltin,21/09/1970
Pollyanna,Duncanson,15/12/1955
Annabelle,Binford,08/06/1962
Agathe,Duffell,24/05/1974
Yettie,Airy,02/04/1956
Reilly,Pentony,07/01/1951
Lorenzo,Greggersen,15/06/1981
Weston,Gouly,12/11/1986
Ring,Tesh,29/03/1999
Mickie,Skells,26/08/1983
Bunny,Gussie,30/06/1967
Maximilian,Shekle,30/12/1956
Gerri,Shergill,20/06/1955
Kelly,Lardeux,24/09/1963
Manolo,Wandrach,24/12/1956
Judy,Coonan,30/08/1993
Berne,Barttrum,21/02/2000
Elva,Downs,16/09/1960
Georas,Humm,07/03/1955
Ulrica,Willett,03/08/1954
Kat,Tancock,11/08/2000
Holly,Bryett,12/06/1974
Laurence,O'Tuohy,25/04/1997
Letisha,Medmore,12/12/1995
Jareb,Kevane,30/06/1971
Chryste,Sisselot,15/08/1956
Drusi,Fessby,22/07/1980
Kellina,Alvar,23/06/1969
Virge,Ortzen,02/05/1959
Darleen,Scates,03/05/1957
Yorke,Echalie,11/06/1986
Gene,Moden,12/01/1991
Phillipe,Rawdales,22/04/1976
Augie,Pick,20/06/1960
Jodie,Iacavone,28/03/1976
Melita,Pryor,13/08/1961
Sella,Marre,31/01/1956
Alyce,Lobe,29/03/1980
Mervin,Chanders,29/05/1974
Diandra,Trustram,16/11/1971
Graig,Milazzo,16/02/1997
Dillie,Denton,18/07/1968
Alidia,Pearl,09/11/1959
Damita,Jaqueminet,15/05/1996
Rea,Murfin,10/09/1951
Calla,Phippin,09/04/1987
Odele,Okell,09/11/1960
Fabian,Saturley,20/02/1980
Ranna,Downie,15/08/1961
Marabel,Maly,19/10/1958
Adrian,Bratton,11/09/1952
Natividad,Garnsworth,29/06/1962
Stern,Boxen,15/07/2001
Gilles,Bogey,26/01/1980
Sylvia,Worsam,17/04/1980
Chiquia,Degli Abbati,04/06/1968
Luce,Linebarger,15/12/1995
Beatriz,Jesteco,31/08/1954
Janet,Gomby,12/07/1961
Theadora,Adderley,23/10/1973
Lemmy,Fusedale,03/10/1998
Grete,Dilley,19/07/1979
Barnie,Peddel,25/03/1952
Sheilakathryn,Bosse,01/01/1959
Teddie,Covil,29/11/1974
Marquita,Clelland,03/11/1994
Torrin,Raunds,20/12/1952
Gratia,Berston,01/07/1988
Querida,Porkiss,15/06/1997
Bernadette,Jeannequin,22/06/1952
Jaquelyn,Trimnell,06/01/1963
Henka,Filkov,02/11/1980
Gilbert,Hoopper,17/11/1982
Mackenzie,MacDaid,30/05/1965
Annaliese,Sanpere,23/05/1960
Amory,Jenkins,23/07/1955
Errick,Silber,07/04/1966
Evyn,Vallerine,03/06/1981
Fina,Spanswick,20/04/1963
Adrea,Chessor,29/12/1996
Anallise,Harrison,15/06/1992
Thurstan,Alven,21/11/1986
La verne,Georgins,01/03/1970
Aggy,Grimmert,02/10/1995
Curr,O'Corrin,11/07/1984
Filide,Heffy,08/09/1997
Bentlee,McLise,02/11/1988
Herold,Guyton,29/10/1970
Staford,Wheatley,09/04/1972
Calla,Flicker,03/11/1994
Linnea,Simester,05/04/1987
Suzi,Rupp,02/03/1953
Shannan,Scottesmoor,11/01/1961
Audy,Tacey,02/11/1995
Hersh,Duddle,30/03/1967
Dosi,Brummitt,15/01/1979
Phillipp,Chattock,06/03/1961
Maribeth,Kenealy,02/02/1954
Vasily,Edwinson,11/04/1993
Nari,Senechell,19/02/1995
Grover,Chrishop,23/06/1979
Margit,McCallister,17/12/1982
Thadeus,Engeham,09/01/1980
Matthieu,Holliar,18/08/1956
Zarla,Kristufek,10/08/1951
Martina,Kayes,25/06/1966
Rosette,Collacombe,22/05/1980
Sibylla,Clench,10/04/1951
Robinett,Deeman,09/06/1963
Melina,Warcop,03/03/1964
Kevan,Whifen,24/02/1995
Allsun,Conquer,17/01/1955
Johannes,Zipsell,11/07/1960
Martha,Conniam,14/05/1987
Genevra,Wynch,01/08/1965
Cob,Loyley,17/09/1992
Renate,Aldins,24/08/1953
Chicky,Bettington,20/08/1950
Thorpe,Clemo,28/08/1980
Bert,Collins,09/02/1999
Cher,Scemp,13/02/1960
Ritchie,Edmott,12/07/1972
Cheryl,Simoneton,31/01/1970
Jessalin,Oulett,13/07/1974
Teodoor,Swinglehurst,18/11/1999
Mattie,Copcote,19/05/1960
Britni,Fawltey,23/05/1952
Laurice,Beeres,26/03/1997
Paige,Hurrell,23/05/2000
Shayla,Hans,16/12/1962
Jethro,Shearme,29/12/1978
Becca,Antonias,26/01/1971
Noel,Etheredge,19/01/1963
Rikki,Doogue,05/06/2001
Sofie,Dufaur,19/01/1992
Brock,Searchfield,09/07/1996
Mattheus,McLafferty,11/10/1950
Dayna,Seawright,05/10/1968
Rickie,Cavilla,30/07/1974
Kendrick,Feldstein,21/12/1995
Gabie,Romao,18/09/1963
Boone,Brisset,02/06/1962
Christiane,Challoner,20/07/1983
Domenico,Letten,26/11/1987
Myrle,Kipling,10/07/1991
Blanca,Apedaile,13/12/1956
Neely,Whatson,15/10/1982
Eddie,Oliva,09/12/2000
Milzie,Bengtsen,30/12/1958
Lilia,Von Welldun,08/06/1968
Oswell,Borkett,19/02/1952
Kelly,Pettus,10/09/1969
Pennie,Sherrington,30/07/1955
Letta,Oag,25/07/1973
Darya,Forryan,05/10/1973
Wilek,Kleeborn,02/01/1989
Tatiania,Hugle,31/08/1997
Jorgan,Tetford,05/01/1972
Brigitte,Clewlowe,05/08/1969
Sara,Quigley,19/10/1990
Dermot,Ernshaw,09/06/1986
Fey,De Fraine,08/06/1989
Field,Hasard,18/12/1996
Jorgan,Heakins,15/10/1955
Calley,Fadell,21/08/1992
Viviana,MacCombe,08/09/1964
Raimundo,McGinley,03/11/1966
Rebecka,Peabody,28/05/1999
Niki,Ianetti,31/05/1999
Ted,Ealles,22/03/1989
Spense,Dibdall,11/02/1965
Teddie,Neath,24/10/1988
Edmon,Tilling,12/04/1991
Ludovika,Overnell,30/01/1953
Ediva,Gostage,05/04/1988
Micky,Pelfer,27/04/1984
Vernon,Grigoire,16/01/1998
De witt,Sullly,17/12/1984
Edwina,Josland,19/07/1979
Sylvan,Wermerling,13/03/1984
Mahalia,MacAnespie,06/01/1972
Perri,Margarson,07/10/1987
Jere,Toffoloni,10/07/1951
Nance,Castanares,15/06/1967
Kay,Shovelbottom,07/04/1973
Daphene,Trye,02/09/1980
Lissi,Fleckno,24/03/1973
Alane,Blamire,11/05/1993
Christine,Guillard,12/12/1996
Cherida,Nibloe,22/05/1956
Chico,Packer,09/12/1961
Birdie,Batalini,28/08/1957
Joann,Wittering,14/05/1967
Aubree,Lethbrig,17/04/1999
Rem,Cerman,22/09/1962
Jamison,Cordero,17/02/1966
Reider,Wyeth,23/03/1970
Edita,Daville,30/12/1976
Katrinka,McCurdy,11/01/1983
Tam,Bench,22/01/1984
Carce,Bonnette,12/12/1977
Darleen,Lilion,28/10/1986
Heida,Kitchener,19/08/1952
Lebbie,Brunskill,04/07/1978
Vivianne,de Tocqueville,28/12/1998
Cullen,Foux,06/10/1953
Currey,Bohills,24/06/1987
Kimmie,Lattey,08/05/1952
Ivett,Alliston,22/08/1970
Kiri,Ostler,27/02/1953
Augusto,Osgodby,09/06/1960
Blaire,O' Flaherty,24/10/1965
Maximilian,Djorevic,18/08/1975
Joseph,Hawick,03/10/1989
Nathalie,Poskitt,07/11/1950
Pauline,Gauson,01/04/1982
Andriette,Kightly,04/02/1992
Mathew,Pariss,08/12/1976
Minna,Badland,07/10/1959
Alfredo,De Gregario,23/06/1998
Breena,Denyagin,01/01/1954
Vittorio,Pedlar,21/04/1981
Winona,Da Costa,26/09/1953
Madel,Ranking,04/09/1982
Norris,Batchelar,11/11/1962
Thaxter,Girdwood,18/01/1987
Marylinda,Cornau,25/08/1955
Garry,Ling,07/01/1996
Dyana,Lonie,31/12/1987
Caroline,Ortler,17/05/1993
Ase,Nial,13/05/1961
Agustin,Manklow,09/10/1986
Cesaro,Southan,02/04/1953
Marianna,Skally,28/09/1953
Darcie,Cleatherow,16/01/1952
Mallorie,Hamnett,27/01/1998
Melita,Aubrun,03/03/1977
Adams,Goose,12/09/1962
Ruddy,Alecock,26/06/1975
Gilli,Bownd,20/11/1966
Roberta,Mashal,13/02/1959
Elihu,Baudassi,21/10/1970
Margret,Stappard,22/09/1986
Selby,Baly,01/06/1999
Tally,Skurray,20/01/1973
Marmaduke,Zannini,19/07/1994
Johnny,Plessing,09/06/1995
Charlean,Edmed,06/04/1981
Dyanna,Pietrzyk,18/10/1992
Skye,Seiffert,21/03/1976
Selestina,Buddleigh,03/04/1969
Bess,Burles,01/01/1966
Kevan,Hallwell,06/12/1972
Annora,Tuckey,14/11/1971
Almeta,Saunton,22/05/1983
Rosalinde,Sandle,23/06/1982
Sheeree,Spadoni,01/02/1978
Rita,Dursley,04/08/1971
Yolanthe,Ervine,15/04/1991
Avie,Surcomb,31/01/1959
Panchito,Hazzard,27/07/1959
Helenka,Pohls,01/06/1965
Cassey,Benford,23/09/1983
Chryste,Hoolaghan,25/02/1971
Drona,Tink,15/07/1962
Wilek,Twelve,04/03/1979
Ibrahim,Poolton,17/02/1996
Dorrie,Disley,16/06/1997
Monty,Mattschas,26/11/1968
